date,underlying,strike,pm_prob
2026-06-09,SI,65.0,0.8
2026-06-09,SI,70.0,0.45
2026-06-09,SI,75.0,0.28
2026-06-09,SI,80.0,0.165
2026-06-09,SI,85.0,0.06
2026-06-09,SI,90.0,0.0275
2026-06-09,SI,95.0,0.027
2026-06-09,SI,100.0,0.0125
2026-06-09,GC,4600.0,0.15
2026-06-09,GC,4800.0,0.095
2026-06-09,GC,5000.0,0.045
2026-06-09,GC,5200.0,0.025
2026-06-11,SI,65.0,0.465
2026-06-11,SI,70.0,0.245
2026-06-11,SI,75.0,0.165
2026-06-11,SI,80.0,0.08
2026-06-11,SI,85.0,0.055
2026-06-11,SI,90.0,0.028
2026-06-11,SI,95.0,0.026
2026-06-11,SI,100.0,0.0125
2026-06-11,GC,4600.0,0.12
2026-06-11,GC,4800.0,0.045
2026-06-11,GC,5000.0,0.025
2026-06-11,GC,5200.0,0.0145
2026-06-12,SI,60.0,0.695
2026-06-12,SI,65.0,0.5
2026-06-12,SI,70.0,0.435
2026-06-12,SI,75.0,0.285
2026-06-12,SI,80.0,0.105
2026-06-12,SI,85.0,0.06
2026-06-12,SI,90.0,0.0285
2026-06-12,SI,95.0,0.026
2026-06-12,SI,100.0,0.0125
2026-06-12,SI,110.0,0.0115
2026-06-12,SI,120.0,0.016
2026-06-12,SI,140.0,0.009
2026-06-12,GC,4600.0,0.135
2026-06-12,GC,4800.0,0.0495
2026-06-12,GC,5000.0,0.027
2026-06-12,GC,5200.0,0.0185
2026-06-12,GC,5400.0,0.017
2026-06-12,GC,5600.0,0.0125
2026-06-12,GC,5800.0,0.011
2026-06-12,GC,6000.0,0.008
2026-06-12,GC,6200.0,0.007
2026-06-12,GC,6500.0,0.0065
2026-06-12,GC,7000.0,0.0035
2026-06-12,GC,8000.0,0.004
2026-06-14,SI,60.0,0.83
2026-06-14,SI,65.0,0.565
2026-06-14,SI,70.0,0.4
2026-06-14,SI,75.0,0.3
2026-06-14,SI,80.0,0.12
2026-06-14,SI,85.0,0.05
2026-06-14,SI,90.0,0.037
2026-06-14,SI,95.0,0.0225
2026-06-14,SI,100.0,0.013
2026-06-14,SI,110.0,0.0075
2026-06-14,SI,120.0,0.0155
2026-06-14,SI,140.0,0.009
2026-06-14,GC,4600.0,0.1
2026-06-14,GC,4800.0,0.05
2026-06-14,GC,5000.0,0.0265
2026-06-14,GC,5200.0,0.0185
2026-06-14,GC,5400.0,0.0185
2026-06-14,GC,5600.0,0.011
2026-06-14,GC,5800.0,0.0105
2026-06-14,GC,6000.0,0.008
2026-06-14,GC,6200.0,0.007
2026-06-14,GC,6500.0,0.0055
2026-06-14,GC,7000.0,0.0035
2026-06-14,GC,8000.0,0.0045
2026-06-15,SI,60.0,0.93
2026-06-15,SI,65.0,0.82
2026-06-15,SI,70.0,0.585
2026-06-15,SI,75.0,0.34
2026-06-15,SI,80.0,0.095
2026-06-15,SI,85.0,0.1
2026-06-15,SI,90.0,0.025
2026-06-15,SI,95.0,0.0135
2026-06-15,SI,100.0,0.0125
2026-06-15,SI,110.0,0.0075
2026-06-15,SI,120.0,0.0125
2026-06-15,SI,140.0,0.008
2026-06-15,GC,4600.0,0.11
2026-06-15,GC,4800.0,0.042
2026-06-15,GC,5000.0,0.0275
2026-06-15,GC,5200.0,0.016
2026-06-15,GC,5400.0,0.017
2026-06-15,GC,5600.0,0.0095
2026-06-15,GC,5800.0,0.0115
2026-06-15,GC,6000.0,0.008
2026-06-15,GC,6200.0,0.0055
2026-06-15,GC,6500.0,0.0055
2026-06-15,GC,7000.0,0.003
2026-06-15,GC,8000.0,0.004
2026-06-16,SI,60.0,0.935
2026-06-16,SI,65.0,0.795
2026-06-16,SI,70.0,0.51
2026-06-16,SI,75.0,0.28
2026-06-16,SI,80.0,0.235
2026-06-16,SI,85.0,0.115
2026-06-16,SI,90.0,0.0265
2026-06-16,SI,95.0,0.0125
2026-06-16,SI,100.0,0.0115
2026-06-16,SI,110.0,0.0075
2026-06-16,SI,120.0,0.012
2026-06-16,SI,140.0,0.008
2026-06-16,GC,4600.0,0.09
2026-06-16,GC,4800.0,0.0435
2026-06-16,GC,5000.0,0.024
2026-06-16,GC,5200.0,0.0115
2026-06-16,GC,5400.0,0.016
2026-06-16,GC,5600.0,0.0105
2026-06-16,GC,5800.0,0.0105
2026-06-16,GC,6000.0,0.008
2026-06-16,GC,6200.0,0.0055
2026-06-16,GC,6500.0,0.0055
2026-06-16,GC,7000.0,0.003
2026-06-16,GC,8000.0,0.004
2026-06-17,SI,60.0,0.94
2026-06-17,SI,65.0,0.66
2026-06-17,SI,70.0,0.505
2026-06-17,SI,75.0,0.28
2026-06-17,SI,80.0,0.145
2026-06-17,SI,85.0,0.115
2026-06-17,SI,90.0,0.0255
2026-06-17,SI,95.0,0.0125
2026-06-17,SI,100.0,0.0115
2026-06-17,SI,110.0,0.0075
2026-06-17,SI,120.0,0.0115
2026-06-17,SI,140.0,0.0075
2026-06-17,GC,4600.0,0.115
2026-06-17,GC,4800.0,0.0445
2026-06-17,GC,5000.0,0.0075
2026-06-17,GC,5200.0,0.011
2026-06-17,GC,5400.0,0.017
2026-06-17,GC,5600.0,0.0095
2026-06-17,GC,5800.0,0.01
2026-06-17,GC,6000.0,0.008
2026-06-17,GC,6200.0,0.0055
2026-06-17,GC,6500.0,0.006
2026-06-17,GC,7000.0,0.003
2026-06-17,GC,8000.0,0.0045
